pclass,sex,age,sibsp,parch,ticket,fare,survived,,,,,,,,
3,1,19,0,0,680,15.5,1,,,,,,,,
3,1,18,0,0,693,7.75,0,,,,,,,,
3,0,22,0,0,694,7.8958,0,,,,,,,,
3,1,15,0,0,695,7.225,1,,,,,,,,
1,1,38,0,0,1222,0,0,,,,,,,,
1,1,56,0,0,1601,26.55,0,,,,,,,,
1,0,56,0,0,1601,30.6958,0,,,,,,,,
1,1,24,1,0,1601,60,0,,,,,,,,
1,1,19,0,0,1601,26,0,,,,,,,,
1,1,18,1,0,1601,60,1,,,,,,,,
1,0,24,1,0,1601,82.2667,1,,,,,,,,
1,0,23,1,0,1601,82.2667,1,,,,,,,,
1,1,6,0,2,1601,134.5,1,,,,,,,,
1,0,31,0,0,2003,134.5,1,,,,,,,,
1,1,19,0,0,2003,35.5,1,,,,,,,,
2,1,32,1,0,2223,26,1,,,,,,,,
2,1,63,1,0,2543,26,0,,,,,,,,
2,1,60,1,0,2620,26,0,,,,,,,,
2,1,33,0,0,2621,12.275,0,,,,,,,,
3,1,19,1,0,2621,6.4375,0,,,,,,,,
2,1,17,0,0,2622,10.5,1,,,,,,,,
2,1,42,1,0,2623,27,0,,,,,,,,
2,1,24,2,1,2624,27,1,,,,,,,,
2,1,47,0,0,2625,15,0,,,,,,,,
2,1,24,2,0,2625,31.5,0,,,,,,,,
3,0,0.4167,0,1,2625,8.5167,1,,,,,,,,
3,1,16,1,1,2625,8.5167,1,,,,,,,,
2,1,22,2,0,2626,31.5,0,,,,,,,,
2,0,32,0,0,2627,10.5,0,,,,,,,,
2,1,23,0,0,2627,13.7917,1,,,,,,,,
3,1,19,0,0,2627,14.4583,0,,,,,,,,
2,1,34,1,0,2628,26,0,,,,,,,,
3,1,45.5,0,0,2628,7.225,0,,,,,,,,
2,1,24,1,0,2629,26,1,,,,,,,,
3,1,19,0,0,2629,7.2292,0,,,,,,,,
2,1,22,0,0,2631,21,0,,,,,,,,
2,0,57,0,0,2641,12.35,0,,,,,,,,
3,1,19,0,0,2641,7.2292,0,,,,,,,,
2,1,19,0,0,2647,0,0,,,,,,,,
3,0,19,0,0,2647,7.225,0,,,,,,,,
2,1,31,0,0,2648,10.5,0,,,,,,,,
2,1,26,1,1,2649,26,0,,,,,,,,
2,1,30,1,1,2650,26,0,,,,,,,,
2,1,19,0,0,2650,10.7083,0,,,,,,,,
2,0,1,1,2,2650,41.5792,1,,,,,,,,
3,1,7,1,1,2650,15.2458,1,,,,,,,,
3,0,9,1,1,2650,15.2458,1,,,,,,,,
3,1,29,0,2,2650,15.2458,1,,,,,,,,
2,1,3,1,2,2651,41.5792,1,,,,,,,,
2,1,25,1,2,2651,41.5792,0,,,,,,,,
2,0,22,1,2,2652,41.5792,1,,,,,,,,
2,0,17,0,0,2653,12,1,,,,,,,,
2,1,19,0,0,2653,33,1,,,,,,,,
2,0,34,0,0,2653,10.5,1,,,,,,,,
2,1,36,0,0,2654,12.875,0,,,,,,,,
2,1,24,0,0,2655,10.5,0,,,,,,,,
2,1,61,0,0,2656,12.35,0,,,,,,,,
3,1,26.5,0,0,2656,7.225,0,,,,,,,,
2,0,50,1,0,2657,26,0,,,,,,,,
2,0,42,1,0,2658,26,1,,,,,,,,
3,1,22,0,0,2658,7.225,1,,,,,,,,
2,0,57,0,0,2659,10.5,0,,,,,,,,
2,1,19,0,0,2659,15.0458,0,,,,,,,,
3,0,27,1,0,2659,14.4542,0,,,,,,,,
3,1,15,1,0,2659,14.4542,1,,,,,,,,
2,1,1,0,2,2660,37.0042,1,,,,,,,,
2,0,31,1,1,2660,37.0042,0,,,,,,,,
2,0,24,1,1,2661,37.0042,1,,,,,,,,
2,1,19,0,0,2661,15.5792,0,,,,,,,,
2,1,30,0,0,2661,13,0,,,,,,,,
2,1,40,0,0,2662,16,0,,,,,,,,
2,0,32,0,0,2662,13.5,0,,,,,,,,
2,0,30,0,0,2662,13,0,,,,,,,,
3,1,19,2,0,2662,21.6792,0,,,,,,,,
3,0,19,2,0,2662,21.6792,0,,,,,,,,
3,1,19,2,0,2662,21.6792,0,,,,,,,,
2,1,46,0,0,2663,26,0,,,,,,,,
2,0,13,0,1,2664,19.5,1,,,,,,,,
2,1,41,0,1,2665,19.5,1,,,,,,,,
2,1,19,0,0,2665,10.5,1,,,,,,,,
3,1,14.5,1,0,2665,14.4542,0,,,,,,,,
3,0,19,1,0,2665,14.4542,0,,,,,,,,
2,1,39,0,0,2666,13,0,,,,,,,,
2,0,48,0,0,2666,13,0,,,,,,,,
2,0,70,0,0,2666,10.5,0,,,,,,,,
2,0,27,0,0,2666,13,0,,,,,,,,
2,0,54,0,0,2667,14,0,,,,,,,,
2,1,39,0,0,2668,26,0,,,,,,,,
2,0,16,0,0,2668,10.5,0,,,,,,,,
2,1,62,0,0,2668,9.6875,0,,,,,,,,
3,1,19,1,1,2668,22.3583,1,,,,,,,,
3,1,19,1,1,2668,22.3583,1,,,,,,,,
3,0,19,0,2,2668,22.3583,1,,,,,,,,
2,0,32.5,1,0,2669,30.0708,0,,,,,,,,
3,0,22,0,0,2669,7.2292,0,,,,,,,,
2,1,14,1,0,2670,30.0708,1,,,,,,,,
3,1,27,0,0,2670,7.225,0,,,,,,,,
2,1,36.5,0,2,2671,26,0,,,,,,,,
3,0,19,0,0,2671,7.2292,0,,,,,,,,
2,1,26,0,0,2672,13,0,,,,,,,,
3,1,25,0,0,2672,7.225,0,,,,,,,,
2,0,19,1,1,2673,36.75,0,,,,,,,,
3,1,19,0,0,2673,7.2292,0,,,,,,,,
2,1,28,0,0,2674,13.5,0,,,,,,,,
2,0,20,0,0,2675,13.8625,1,,,,,,,,
2,0,29,0,0,2676,10.5,1,,,,,,,,
3,0,19,0,0,2676,7.225,0,,,,,,,,
2,1,39,0,0,2677,13,0,,,,,,,,
2,0,22,0,0,2678,10.5,1,,,,,,,,
2,1,19,0,0,2678,13.8625,1,,,,,,,,
2,0,23,0,0,2678,10.5,0,,,,,,,,
2,1,29,0,0,2679,13.8583,1,,,,,,,,
2,1,28,0,0,2680,10.5,0,,,,,,,,
2,0,19,0,0,2680,0,0,,,,,,,,
2,0,50,0,1,2681,26,1,,,,,,,,
3,1,19,0,0,2681,6.4375,0,,,,,,,,
2,0,19,0,0,2682,10.5,0,,,,,,,,
2,0,19,0,0,2683,15.05,0,,,,,,,,
2,1,41,0,0,2684,13,0,,,,,,,,
3,0,19,0,0,2684,7.225,0,,,,,,,,
2,0,21,0,1,2685,21,1,,,,,,,,
2,1,19,0,0,2686,26,1,,,,,,,,
2,0,43,0,1,2687,21,0,,,,,,,,
2,0,32,0,0,2688,13,1,,,,,,,,
3,1,38,0,0,2688,7.2292,1,,,,,,,,
2,0,34,0,0,2689,13,0,,,,,,,,
2,0,30,0,0,2689,12.7375,1,,,,,,,,
2,1,27,0,0,2690,15.0333,0,,,,,,,,
2,0,2,1,1,2691,26,1,,,,,,,,
2,1,8,1,1,2691,26,1,,,,,,,,
2,1,33,0,2,2692,26,1,,,,,,,,
2,0,36,0,0,2693,10.5,0,,,,,,,,
2,0,34,1,0,2694,21,0,,,,,,,,
2,1,30,3,0,2695,21,1,,,,,,,,
2,1,28,0,0,2696,13,1,,,,,,,,
2,1,23,0,0,2697,15.0458,0,,,,,,,,
3,1,28.5,0,0,2697,7.2292,0,,,,,,,,
2,0,0.8333,1,1,2698,18.75,1,,,,,,,,
2,0,3,1,1,2699,18.75,1,,,,,,,,
2,1,24,2,3,2699,18.75,1,,,,,,,,
2,1,50,0,0,2700,10.5,1,,,,,,,,
2,0,31,0,0,2908,21,1,,,,,,,,
2,1,30,1,0,2908,21,0,,,,,,,,
2,1,0.9167,1,2,2926,27.75,1,,,,,,,,
2,0,5,1,2,2926,27.75,1,,,,,,,,
3,0,19,0,2,3410,7.75,0,,,,,,,,
3,1,19,0,0,3410,8.7125,0,,,,,,,,
3,1,40,1,1,3411,15.5,0,,,,,,,,
3,1,19,0,0,3411,8.7125,0,,,,,,,,
3,1,36,0,0,3460,7.4958,0,,,,,,,,
3,1,24,0,0,3470,7.4958,0,,,,,,,,
3,1,32,0,0,3474,7.75,0,,,,,,,,
3,1,36,1,0,3701,15.55,0,,,,,,,,
3,1,60.5,0,0,3701,254.12,0,,,,,,,,
3,1,6,0,1,4133,12.475,1,,,,,,,,
3,0,27,0,1,4133,12.475,1,,,,,,,,
3,1,19,0,0,4133,8.05,0,,,,,,,,
3,1,19,1,0,4133,24.15,1,,,,,,,,
3,1,19,1,0,4133,24.15,0,,,,,,,,
3,0,19,0,0,4134,8.4583,0,,,,,,,,
3,1,63,0,0,4134,9.5875,1,,,,,,,,
3,1,34,0,0,4135,8.05,0,,,,,,,,
3,1,19,0,0,4136,7.75,0,,,,,,,,
3,1,19,0,0,4137,7.775,1,,,,,,,,
3,0,19,1,1,4138,15.2458,1,,,,,,,,
3,1,18,0,0,4138,9.8417,1,,,,,,,,
3,1,19,1,1,4579,15.2458,1,,,,,,,,
3,1,19,0,0,5727,8.05,0,,,,,,,,
3,1,19,1,0,6563,15.5,1,,,,,,,,
3,1,20,0,0,6563,9.225,0,,,,,,,,
3,1,1,0,2,7266,15.7417,1,,,,,,,,
3,0,24,0,0,7266,9.325,0,,,,,,,,
3,1,20,1,1,7267,15.7417,1,,,,,,,,
3,1,23,0,0,7267,9.225,0,,,,,,,,
3,1,19,1,1,7534,15.7417,1,,,,,,,,
3,0,33,0,0,7534,8.05,0,,,,,,,,
3,1,16,0,0,7534,9.2167,0,,,,,,,,
3,1,19,0,0,7538,7.8958,0,,,,,,,,
3,1,14,0,0,7538,9.225,1,,,,,,,,
3,1,19,0,0,7540,7.2292,0,,,,,,,,
3,0,19,0,0,7545,7.75,0,,,,,,,,
3,1,19,0,0,7546,7.8958,0,,,,,,,,
3,1,12,1,0,7548,11.2417,1,,,,,,,,
3,0,14,1,0,7552,11.2417,1,,,,,,,,
3,1,29,0,0,7553,7.925,0,,,,,,,,
3,1,22,0,0,7553,9.8375,0,,,,,,,,
3,1,28,0,0,7598,8.05,0,,,,,,,,
3,1,18,0,0,7935,7.775,1,,,,,,,,
3,0,26,0,0,8471,7.8542,1,,,,,,,,
3,1,21,0,0,8475,7.8542,0,,,,,,,,
3,1,41,0,0,9232,7.125,0,,,,,,,,
3,1,39,0,0,9234,7.925,1,,,,,,,,
1,1,55,0,0,11668,30.5,0,,,,,,,,
1,1,47,0,0,11668,42.4,0,,,,,,,,
1,0,37,0,1,11751,29.7,0,,,,,,,,
1,1,31,1,0,11751,113.275,1,,,,,,,,
1,1,23,1,0,11752,113.275,1,,,,,,,,
1,0,58,0,2,11753,113.275,0,,,,,,,,
1,1,19,0,2,11753,26.2833,1,,,,,,,,
1,0,64,0,0,11755,26,0,,,,,,,,
1,1,39,0,0,11765,108.9,1,,,,,,,,
1,1,19,0,0,11765,25.7417,1,,,,,,,,
1,0,22,0,1,11767,61.9792,1,,,,,,,,
1,0,65,0,1,11767,61.9792,0,,,,,,,,
1,1,28.5,0,0,11767,27.7208,0,,,,,,,,
1,0,19,0,0,11769,0,0,,,,,,,,
1,0,45.5,0,0,11769,28.5,0,,,,,,,,
1,0,23,0,0,11770,93.5,0,,,,,,,,
1,0,29,1,0,11771,66.6,0,,,,,,,,
1,1,22,1,0,11774,66.6,1,,,,,,,,
1,0,18,1,0,11778,108.9,0,,,,,,,,
1,1,17,1,0,11778,108.9,1,,,,,,,,
1,1,30,0,0,11813,93.5,1,,,,,,,,
1,0,52,0,0,11813,30.5,1,,,,,,,,
1,1,47,0,0,11967,52,0,,,,,,,,
1,1,56,0,1,11967,83.1583,1,,,,,,,,
1,1,19,0,0,12233,39.6,1,,,,,,,,
1,1,22,0,0,12460,135.6333,0,,,,,,,,
1,0,19,0,0,12749,227.525,0,,,,,,,,
1,1,43,0,1,12749,211.3375,1,,,,,,,,
1,0,31,0,0,12749,50.4958,0,,,,,,,,
1,1,45,0,0,12749,26.55,1,,,,,,,,
1,1,19,0,0,13049,50,0,,,,,,,,
1,0,33,0,0,13050,27.7208,1,,,,,,,,
1,1,46,0,0,13050,79.2,0,,,,,,,,
1,1,36,0,0,13213,40.125,0,,,,,,,,
1,1,33,0,0,13214,86.5,1,,,,,,,,
1,1,55,1,0,13236,59.4,0,,,,,,,,
1,0,54,1,0,13236,59.4,1,,,,,,,,
1,0,33,0,0,13502,26.55,0,,,,,,,,
1,0,13,2,2,13502,262.375,1,,,,,,,,
1,1,18,2,2,13502,262.375,1,,,,,,,,
1,0,21,2,2,13507,262.375,1,,,,,,,,
1,1,61,1,3,13507,262.375,0,,,,,,,,
1,0,48,1,3,13508,262.375,1,,,,,,,,
1,0,19,0,0,13508,30.5,1,,,,,,,,
1,1,24,0,0,13509,69.3,1,,,,,,,,
1,0,19,0,0,13567,26,1,,,,,,,,
1,1,35,1,0,13567,57.75,1,,,,,,,,
1,1,30,0,0,13568,31,1,,,,,,,,
1,1,34,0,0,13695,26.55,1,,,,,,,,
1,0,40,0,0,13695,153.4625,1,,,,,,,,
1,1,35,0,0,13905,26.2875,1,,,,,,,,
1,1,50,1,0,14311,55.9,0,,,,,,,,
3,0,19,0,0,14311,7.75,1,,,,,,,,
1,1,39,1,0,14312,55.9,1,,,,,,,,
1,1,56,0,0,14313,35.5,1,,,,,,,,
1,0,28,0,0,14973,35.5,1,,,,,,,,
1,0,45,1,1,16966,134.5,1,,,,,,,,
1,1,40,1,1,16966,134.5,1,,,,,,,,
1,1,57,1,0,16966,146.5208,0,,,,,,,,
1,0,19,1,0,16966,146.5208,1,,,,,,,,
1,0,32,0,0,16966,30.5,1,,,,,,,,
1,1,62,0,0,16988,26.55,0,,,,,,,,
1,1,54,1,0,17421,55.4417,1,,,,,,,,
1,0,43,1,0,17421,55.4417,1,,,,,,,,
1,1,52,1,0,17421,78.2667,1,,,,,,,,
1,0,19,0,0,17421,27.7208,0,,,,,,,,
1,1,62,0,0,17453,80,1,,,,,,,,
1,0,67,1,0,17453,221.7792,0,,,,,,,,
1,1,63,1,0,17463,221.7792,0,,,,,,,,
1,1,61,0,0,17463,32.3208,0,,,,,,,,
1,1,48,0,0,17464,25.9292,1,,,,,,,,
1,1,18,0,2,17464,79.65,1,,,,,,,,
1,0,52,1,1,17465,79.65,0,,,,,,,,
1,1,39,1,1,17466,79.65,1,,,,,,,,
1,1,48,1,0,17474,52,1,,,,,,,,
1,1,19,1,0,17474,52,1,,,,,,,,
1,0,49,1,1,17475,110.8833,0,,,,,,,,
1,1,17,0,2,17764,110.8833,1,,,,,,,,
1,1,39,1,1,17765,110.8833,1,,,,,,,,
1,1,19,0,0,17770,79.2,1,,,,,,,,
1,0,31,0,0,19877,28.5375,1,,,,,,,,
1,1,40,0,0,19877,27.7208,0,,,,,,,,
1,1,61,0,0,19877,33.5,0,,,,,,,,
1,0,47,0,0,19924,34.0208,0,,,,,,,,
1,0,35,0,0,19928,512.3292,1,,,,,,,,
1,0,64,1,0,19928,75.25,0,,,,,,,,
1,1,60,1,0,19928,75.25,1,,,,,,,,
1,0,60,0,0,19943,26.55,0,,,,,,,,
1,1,54,0,1,19943,77.2875,0,,,,,,,,
1,1,21,0,1,19947,77.2875,0,,,,,,,,
1,1,55,0,0,19950,135.6333,1,,,,,,,,
1,1,31,0,2,19950,164.8667,1,,,,,,,,
1,0,57,1,1,19950,164.8667,0,,,,,,,,
1,0,45,1,1,19950,164.8667,1,,,,,,,,
1,1,50,1,1,19950,211.5,0,,,,,,,,
1,0,27,0,2,19950,211.5,0,,,,,,,,
1,0,50,1,1,19952,211.5,1,,,,,,,,
1,1,21,0,0,19972,26.55,1,,,,,,,,
1,0,51,0,1,19988,61.3792,0,,,,,,,,
1,1,21,0,1,19996,61.3792,1,,,,,,,,
1,1,19,0,0,19996,35,0,,,,,,,,
2,0,30,1,0,21228,24,0,,,,,,,,
2,1,28,1,0,21228,24,1,,,,,,,,
2,0,30,0,0,21332,13,0,,,,,,,,
2,1,18,0,0,21440,11.5,0,,,,,,,,
2,0,54,0,0,24065,26,0,,,,,,,,
2,0,8,0,2,24065,32.5,1,,,,,,,,
1,0,29,0,0,24160,211.3375,1,,,,,,,,
2,1,34,1,1,24160,32.5,1,,,,,,,,
2,1,27,1,0,24160,13.8583,1,,,,,,,,
2,0,30,1,0,24160,13.8583,1,,,,,,,,
2,1,19,0,0,26360,12.35,1,,,,,,,,
2,1,35,0,0,26360,12.35,0,,,,,,,,
2,1,45,0,0,26360,13.5,1,,,,,,,,
2,1,2,1,1,26707,26,1,,,,,,,,
2,1,3,1,1,26707,26,1,,,,,,,,
2,0,19,0,0,27042,10.5,0,,,,,,,,
2,1,21,0,0,27267,10.5,1,,,,,,,,
2,1,26,0,0,27849,13,0,,,,,,,,
2,0,25,0,0,28004,13,0,,,,,,,,
2,1,27,0,0,28034,26,0,,,,,,,,
2,0,25,0,1,28133,26,1,,,,,,,,
2,1,18,0,2,28134,13,1,,,,,,,,
2,1,20,0,0,28206,36.75,1,,,,,,,,
2,1,30,0,0,28213,13,1,,,,,,,,
2,1,59,0,0,28220,13.5,0,,,,,,,,
2,1,30,0,0,28220,12.35,1,,,,,,,,
2,1,35,0,0,28220,10.5,0,,,,,,,,
2,1,40,0,0,28221,13,1,,,,,,,,
2,1,25,0,0,28228,13,0,,,,,,,,
2,0,41,0,0,28403,15.0458,0,,,,,,,,
2,1,25,0,0,28403,10.5,0,,,,,,,,
2,0,18.5,0,0,28404,13,0,,,,,,,,
2,0,14,0,0,28424,65,0,,,,,,,,
2,0,50,0,0,28425,10.5,1,,,,,,,,
2,0,23,0,0,28551,13,0,,,,,,,,
2,0,28,0,0,28664,12.65,1,,,,,,,,
2,0,27,0,0,28664,10.5,1,,,,,,,,
2,1,29,1,0,28665,21,0,,,,,,,,
2,1,27,1,0,28666,21,0,,,,,,,,
2,1,40,0,0,29011,13,0,,,,,,,,
2,1,23,1,0,29103,10.5,0,,,,,,,,
2,1,31,0,0,29103,21,1,,,,,,,,
2,0,19,0,0,29103,0,0,,,,,,,,
2,1,12,0,0,29104,15.75,1,,,,,,,,
2,1,40,0,0,29105,15.75,1,,,,,,,,
2,1,32.5,0,0,29105,13,1,,,,,,,,
2,1,27,1,0,29106,26,0,,,,,,,,
2,1,29,1,0,29106,26,1,,,,,,,,
2,1,2,1,1,29106,23,1,,,,,,,,
2,0,4,1,1,29107,23,1,,,,,,,,
2,1,29,0,2,29108,23,1,,,,,,,,
2,0,36,1,2,29750,27.75,0,,,,,,,,
2,1,33,1,2,29750,27.75,1,,,,,,,,
2,1,66,0,0,29750,10.5,0,,,,,,,,
2,0,19,0,0,29751,12.875,0,,,,,,,,
3,1,24,0,0,31027,7.05,0,,,,,,,,
3,1,25,0,0,31027,7.05,0,,,,,,,,
3,1,35,0,0,31028,8.05,0,,,,,,,,
3,1,4,4,2,31418,31.275,0,,,,,,,,
3,1,45,0,0,32302,7.225,1,,,,,,,,
3,1,19,0,0,32302,8.05,0,,,,,,,,
3,1,6,1,1,33638,15.2458,0,,,,,,,,
3,1,9,1,1,33638,15.2458,0,,,,,,,,
3,1,19,0,0,33638,7.225,0,,,,,,,,
3,1,21,0,0,34218,16.1,0,,,,,,,,
3,1,31,0,0,35273,7.775,0,,,,,,,,
3,0,29,0,0,35273,7.8542,0,,,,,,,,
3,1,4,1,1,35273,11.1333,1,,,,,,,,
3,1,1,1,1,35281,11.1333,1,,,,,,,,
3,0,49,0,0,35281,0,0,,,,,,,,
3,1,33,0,0,35851,7.775,0,,,,,,,,
3,1,19,0,0,35852,0,0,,,,,,,,
3,1,19,1,2,36209,23.45,0,,,,,,,,
3,1,19,0,0,36209,7.725,0,,,,,,,,
3,0,4,0,2,36568,22.025,1,,,,,,,,
3,1,29,3,1,36568,22.025,1,,,,,,,,
3,0,22,0,0,36864,7.775,0,,,,,,,,
3,1,22,0,0,36865,7.225,1,,,,,,,,
3,1,19,3,1,36866,25.4667,0,,,,,,,,
3,1,19,0,4,36928,25.4667,0,,,,,,,,
3,0,32,0,0,36928,7.925,0,,,,,,,,
3,1,34.5,0,0,36928,6.4375,0,,,,,,,,
3,0,19,1,0,36928,15.5,0,,,,,,,,
3,0,19,1,0,36947,15.5,0,,,,,,,,
3,0,36,0,0,36947,0,0,,,,,,,,
3,1,39,0,0,36963,24.15,0,,,,,,,,
3,1,24,0,0,36967,9.5,0,,,,,,,,
3,1,25,0,0,36973,7.775,0,,,,,,,,
3,1,45,0,0,36973,7.75,0,,,,,,,,
3,1,19,0,2,54636,15.2458,1,,,,,,,,
3,1,19,0,0,54636,7.2292,1,,,,,,,,
3,0,28.5,0,0,54636,16.1,0,,,,,,,,
3,1,19,0,0,65303,7.7333,1,,,,,,,,
3,0,24,0,0,65304,7.75,1,,,,,,,,
3,1,19,0,0,65305,8.05,0,,,,,,,,
3,1,19,0,0,65305,8.1125,0,,,,,,,,
3,0,19,1,0,65306,15.5,1,,,,,,,,
1,1,36,0,0,110152,26.3875,1,,,,,,,,
1,0,30,0,0,110152,27.75,0,,,,,,,,
1,1,24,3,2,110152,263,1,,,,,,,,
1,0,28,3,2,110413,263,1,,,,,,,,
1,1,23,3,2,110413,263,1,,,,,,,,
1,0,19,3,2,110413,263,0,,,,,,,,
1,0,64,1,4,110465,263,0,,,,,,,,
1,0,60,1,4,110465,263,1,,,,,,,,
1,1,30,0,0,110469,56.9292,1,,,,,,,,
1,1,19,0,0,110489,26.55,0,,,,,,,,
1,1,50,2,0,110564,133.65,1,,,,,,,,
1,1,43,1,0,110813,27.7208,1,,,,,,,,
1,0,19,1,0,110813,133.65,1,,,,,,,,
1,1,22,0,2,111163,49.5,1,,,,,,,,
1,0,60,1,1,111240,79.2,1,,,,,,,,
1,1,48,1,1,111320,79.2,1,,,,,,,,
1,0,19,0,0,111361,0,0,,,,,,,,
1,1,37,1,0,111361,53.1,0,,,,,,,,
1,1,35,1,0,111369,53.1,1,,,,,,,,
1,0,47,0,0,111426,38.5,0,,,,,,,,
1,1,35,0,0,111427,211.5,1,,,,,,,,
1,0,22,0,1,111428,59.4,1,,,,,,,,
1,1,45,0,1,112050,59.4,1,,,,,,,,
1,0,24,0,0,112051,79.2,0,,,,,,,,
1,1,49,1,0,112052,89.1042,1,,,,,,,,
1,1,19,1,0,112053,89.1042,1,,,,,,,,
1,0,71,0,0,112058,34.6542,0,,,,,,,,
1,1,53,0,0,112058,28.5,1,,,,,,,,
1,0,19,0,0,112059,30,1,,,,,,,,
1,1,38,0,1,112277,153.4625,0,,,,,,,,
1,1,58,0,1,112377,153.4625,1,,,,,,,,
1,0,23,0,1,112378,63.3583,1,,,,,,,,
1,0,45,0,1,112378,63.3583,1,,,,,,,,
1,0,46,0,0,112379,79.2,0,,,,,,,,
1,1,25,1,0,112901,55.4417,1,,,,,,,,
1,0,25,1,0,113028,55.4417,1,,,,,,,,
1,1,48,1,0,113038,76.7292,1,,,,,,,,
1,1,49,1,0,113043,76.7292,1,,,,,,,,
1,0,19,0,0,113044,42.4,0,,,,,,,,
1,0,45,1,0,113050,83.475,0,,,,,,,,
1,0,35,1,0,113051,83.475,1,,,,,,,,
1,1,40,0,0,113054,0,0,,,,,,,,
1,1,27,0,0,113055,76.7292,1,,,,,,,,
1,1,19,0,0,113056,30,1,,,,,,,,
1,1,24,0,0,113059,83.1583,1,,,,,,,,
1,1,55,1,1,113059,93.5,0,,,,,,,,
1,1,52,1,1,113501,93.5,1,,,,,,,,
1,1,42,0,0,113503,42.5,0,,,,,,,,
1,0,19,0,0,113503,51.8625,0,,,,,,,,
1,0,55,0,0,113503,50,0,,,,,,,,
1,0,16,0,1,113503,57.9792,1,,,,,,,,
1,0,44,0,1,113503,57.9792,1,,,,,,,,
1,1,51,1,0,113505,77.9583,1,,,,,,,,
1,1,42,1,0,113505,52,0,,,,,,,,
1,0,35,1,0,113509,52,1,,,,,,,,
1,0,35,0,0,113509,26.55,1,,,,,,,,
1,0,38,1,0,113510,90,1,,,,,,,,
1,1,19,0,0,113514,30.6958,0,,,,,,,,
1,0,35,1,0,113572,90,1,,,,,,,,
1,1,38,0,0,113572,80,1,,,,,,,,
1,0,50,0,0,113760,28.7125,0,,,,,,,,
1,0,49,0,0,113760,0,1,,,,,,,,
1,1,46,0,0,113760,26,0,,,,,,,,
1,0,50,0,0,113760,26,0,,,,,,,,
1,1,32.5,0,0,113767,211.5,0,,,,,,,,
1,0,58,0,0,113773,29.7,0,,,,,,,,
1,0,41,1,0,113773,51.8625,0,,,,,,,,
1,1,19,1,0,113776,51.8625,1,,,,,,,,
1,1,42,1,0,113776,52.5542,1,,,,,,,,
1,1,45,1,0,113778,52.5542,1,,,,,,,,
1,1,19,0,0,113780,26.55,0,,,,,,,,
1,1,39,0,0,113781,211.3375,1,,,,,,,,
1,1,49,0,0,113781,25.9292,1,,,,,,,,
1,0,30,0,0,113781,106.425,1,,,,,,,,
1,0,35,0,0,113781,512.3292,1,,,,,,,,
1,1,19,0,0,113781,27.7208,0,,,,,,,,
1,1,42,0,0,113781,26.55,0,,,,,,,,
1,1,55,0,0,113783,27.7208,1,,,,,,,,
1,1,16,0,1,113784,39.4,1,,,,,,,,
1,0,51,0,1,113786,39.4,1,,,,,,,,
1,0,29,0,0,113787,30,0,,,,,,,,
1,1,21,0,0,113788,77.9583,1,,,,,,,,
1,0,30,0,0,113789,45.5,0,,,,,,,,
1,1,58,0,0,113789,146.5208,1,,,,,,,,
1,0,15,0,1,113790,211.3375,1,,,,,,,,
1,0,30,0,0,113791,26,0,,,,,,,,
1,1,16,0,0,113792,86.5,1,,,,,,,,
1,1,19,0,0,113794,29.7,1,,,,,,,,
1,1,19,1,0,113795,53.1,0,,,,,,,,
1,1,18,1,0,113796,53.1,1,,,,,,,,
1,1,24,0,0,113796,49.5042,1,,,,,,,,
1,0,46,0,0,113798,75.2417,0,,,,,,,,
1,1,54,0,0,113798,51.8625,0,,,,,,,,
1,0,36,0,0,113800,26.2875,1,,,,,,,,
1,0,28,1,0,113801,82.1708,0,,,,,,,,
1,1,19,1,0,113803,82.1708,1,,,,,,,,
1,1,65,0,0,113803,26.55,0,,,,,,,,
1,0,44,2,0,113804,90,0,,,,,,,,
1,1,33,1,0,113806,90,1,,,,,,,,
1,1,37,1,0,113806,90,1,,,,,,,,
1,0,30,1,0,113807,57.75,1,,,,,,,,
1,1,62,0,0,211535,26.55,0,,,,,,,,
1,0,36,0,0,211536,135.6333,1,,,,,,,,
2,1,25,0,0,218629,10.5,0,,,,,,,,
2,1,34,1,0,219533,26,0,,,,,,,,
2,0,36,1,0,220367,26,1,,,,,,,,
2,0,57,0,0,220844,13,0,,,,,,,,
2,0,18,0,0,220845,11.5,0,,,,,,,,
2,1,23,0,0,220845,10.5,0,,,,,,,,
2,0,36,0,0,220845,13,1,,,,,,,,
2,1,28,0,0,220845,10.5,0,,,,,,,,
2,1,51,0,0,220845,12.525,0,,,,,,,,
2,0,19,1,0,223596,26,1,,,,,,,,
2,1,28,0,0,226593,26,0,,,,,,,,
2,0,1,2,1,226875,39,1,,,,,,,,
2,0,4,2,1,226875,39,1,,,,,,,,
2,0,12,2,1,228414,39,1,,,,,,,,
2,1,36,0,3,228414,39,1,,,,,,,,
2,1,34,0,0,229236,13,1,,,,,,,,
2,1,19,0,0,230080,13,1,,,,,,,,
2,0,23,0,0,230080,13,0,,,,,,,,
2,0,26,0,0,230080,13,0,,,,,,,,
2,1,42,0,0,230136,13,0,,,,,,,,
2,1,27,0,0,230136,13,0,,,,,,,,
2,1,24,0,0,230136,13,1,,,,,,,,
2,0,15,0,2,230136,39,1,,,,,,,,
2,1,60,1,1,230433,39,0,,,,,,,,
2,1,40,1,1,230433,39,1,,,,,,,,
2,0,20,1,0,230434,26,1,,,,,,,,
2,0,25,1,0,231919,26,0,,,,,,,,
2,1,36,0,0,231919,13,1,,,,,,,,
2,1,25,0,0,231945,13,0,,,,,,,,
2,1,42,0,0,233478,13,0,,,,,,,,
2,0,42,0,0,233639,13,1,,,,,,,,
2,0,0.8333,0,2,233734,29,1,,,,,,,,
2,0,26,1,1,233866,29,1,,,,,,,,
2,1,22,1,1,234360,29,1,,,,,,,,
2,1,35,0,0,234604,21,1,,,,,,,,
2,1,19,0,0,234686,0,0,,,,,,,,
2,1,19,0,0,234818,13,0,,,,,,,,
2,0,44,1,0,235509,26,0,,,,,,,,
2,1,54,1,0,236171,26,0,,,,,,,,
2,1,52,0,0,236852,13.5,0,,,,,,,,
2,0,37,1,0,236853,26,0,,,,,,,,
2,1,29,1,0,236853,26,0,,,,,,,,
2,1,25,1,1,236854,30,1,,,,,,,,
2,1,45,0,2,237216,30,1,,,,,,,,
2,0,29,1,0,237249,26,0,,,,,,,,
2,1,28,1,0,237393,26,1,,,,,,,,
2,1,29,0,0,237442,10.5,0,,,,,,,,
2,1,28,0,0,237565,13,0,,,,,,,,
2,1,24,0,0,237668,10.5,1,,,,,,,,
2,1,8,0,2,237670,26.25,1,,,,,,,,
2,1,31,1,1,237671,26.25,0,,,,,,,,
2,1,31,1,1,237734,26.25,1,,,,,,,,
2,1,22,0,0,237735,10.5,1,,,,,,,,
2,1,30,0,0,237736,13,0,,,,,,,,
2,1,19,0,0,237736,21,0,,,,,,,,
2,1,21,0,0,237789,11.5,0,,,,,,,,
2,1,19,0,0,237789,0,0,,,,,,,,
2,0,8,1,1,237798,36.75,1,,,,,,,,
2,1,18,0,0,239059,73.5,0,,,,,,,,
2,0,48,0,2,239853,36.75,1,,,,,,,,
2,1,28,0,0,239853,13,1,,,,,,,,
2,1,32,0,0,239853,13,0,,,,,,,,
2,1,17,0,0,239854,73.5,0,,,,,,,,
2,0,29,1,0,239855,27.7208,0,,,,,,,,
2,1,24,1,0,239856,27.7208,1,,,,,,,,
2,0,25,0,0,239865,31.5,0,,,,,,,,
2,0,18,0,0,239865,73.5,0,,,,,,,,
2,0,18,0,1,240261,23,1,,,,,,,,
2,1,34,0,1,240276,23,1,,,,,,,,
2,1,42,1,1,240929,32.5,0,,,,,,,,
2,0,23,0,0,242963,13,0,,,,,,,,
2,1,21,0,0,243847,13,0,,,,,,,,
2,1,18,0,0,243847,13,0,,,,,,,,
2,0,40,1,0,243880,26,0,,,,,,,,
2,1,29,1,0,244252,26,1,,,,,,,,
2,1,18,0,0,244252,10.5,0,,,,,,,,
2,0,36,0,0,244270,13,0,,,,,,,,
2,1,19,0,0,244278,0,0,,,,,,,,
2,1,38,0,0,244310,13,0,,,,,,,,
2,1,35,0,0,244346,26,0,,,,,,,,
2,0,38,1,0,244358,21,0,,,,,,,,
2,1,34,1,0,244358,21,0,,,,,,,,
2,0,34,0,0,244360,13,1,,,,,,,,
2,1,16,0,0,244361,26,0,,,,,,,,
2,0,26,0,0,244367,10.5,0,,,,,,,,
2,1,47,0,0,244367,10.5,0,,,,,,,,
2,1,21,1,0,244368,11.5,0,,,,,,,,
2,1,21,1,0,244373,11.5,0,,,,,,,,
2,1,24,0,0,248659,13.5,0,,,,,,,,
2,0,24,0,0,248698,13,0,,,,,,,,
2,1,34,0,0,248706,13,0,,,,,,,,
2,0,30,0,0,248723,13,0,,,,,,,,
2,0,52,0,0,248726,13,0,,,,,,,,
2,1,30,0,0,248727,13,0,,,,,,,,
2,0,0.6667,1,1,248727,14.5,1,,,,,,,,
2,1,24,0,2,248727,14.5,1,,,,,,,,
2,1,44,0,0,248731,13,0,,,,,,,,
2,0,6,0,1,248733,33,1,,,,,,,,
2,1,28,0,1,248734,33,0,,,,,,,,
2,0,62,0,0,248738,10.5,1,,,,,,,,
2,0,30,0,0,248738,10.5,0,,,,,,,,
2,1,7,0,2,248738,26.25,1,,,,,,,,
2,0,43,1,1,248740,26.25,0,,,,,,,,
2,0,45,1,1,248744,26.25,1,,,,,,,,
2,0,24,1,2,248746,65,1,,,,,,,,
2,1,24,1,2,248747,65,1,,,,,,,,
2,1,49,1,2,250643,65,0,,,,,,,,
2,1,48,1,2,250644,65,1,,,,,,,,
2,1,55,0,0,250644,16,1,,,,,,,,
2,0,24,2,0,250646,73.5,0,,,,,,,,
2,0,32,2,0,250647,73.5,0,,,,,,,,
2,1,21,2,0,250647,73.5,0,,,,,,,,
2,1,18,1,1,250648,13,0,,,,,,,,
2,0,20,2,1,250649,23,1,,,,,,,,
2,1,23,2,1,250649,11.5,0,,,,,,,,
2,1,36,0,0,250650,13,0,,,,,,,,
2,1,54,1,3,250651,23,1,,,,,,,,
2,1,50,0,0,250651,13,0,,,,,,,,
2,1,44,1,0,250652,26,0,,,,,,,,
2,0,29,1,0,250653,26,1,,,,,,,,
2,0,21,0,0,250655,73.5,0,,,,,,,,
2,1,42,0,0,250655,13,1,,,,,,,,
3,1,18,0,0,312991,8.3,0,,,,,,,,
3,1,32,0,0,312992,22.525,0,,,,,,,,
3,1,19,1,0,312993,7.8542,1,,,,,,,,
3,1,19,0,0,312993,7.775,0,,,,,,,,
3,0,6,4,2,315037,31.275,0,,,,,,,,
3,1,19,0,0,315037,8.6625,0,,,,,,,,
3,1,2,4,2,315082,31.275,0,,,,,,,,
3,1,29,0,0,315082,7.875,0,,,,,,,,
3,0,17,4,2,315083,7.925,1,,,,,,,,
3,1,27,0,0,315083,8.6625,0,,,,,,,,
3,1,38,4,2,315084,7.775,0,,,,,,,,
3,0,9,4,2,315085,31.275,0,,,,,,,,
3,1,23,0,0,315085,8.6625,0,,,,,,,,
3,0,11,4,2,315086,31.275,0,,,,,,,,
3,1,39,1,5,315087,31.275,0,,,,,,,,
3,1,27,0,0,315088,7.7958,1,,,,,,,,
3,1,26,0,0,315089,7.775,0,,,,,,,,
3,1,39,1,5,315090,31.275,0,,,,,,,,
3,0,20,0,0,315091,7.8542,0,,,,,,,,
3,1,26,0,0,315092,7.8958,0,,,,,,,,
3,1,24,0,0,315092,8.6625,0,,,,,,,,
3,1,25,1,0,315093,17.8,0,,,,,,,,
3,0,18,1,0,315094,17.8,0,,,,,,,,
3,0,20,0,0,315094,8.6625,0,,,,,,,,
3,0,24,0,0,315095,7.775,0,,,,,,,,
3,0,17,0,0,315095,8.6625,0,,,,,,,,
3,0,35,0,0,315096,7.05,0,,,,,,,,
3,1,20,0,0,315096,8.6625,0,,,,,,,,
3,1,5,4,2,315097,31.3875,0,,,,,,,,
3,1,21,0,0,315097,8.6625,0,,,,,,,,
3,1,9,4,2,315098,31.3875,0,,,,,,,,
3,1,3,4,2,315151,31.3875,1,,,,,,,,
3,1,13,4,2,315152,31.3875,0,,,,,,,,
3,0,5,4,2,315153,31.3875,1,,,,,,,,
3,1,40,1,5,315153,31.3875,0,,,,,,,,
3,1,23,0,0,315153,7.7958,1,,,,,,,,
3,1,38,1,5,315154,31.3875,1,,,,,,,,
3,1,27,0,0,315154,8.6625,0,,,,,,,,
3,0,21,0,0,323592,7.225,0,,,,,,,,
3,0,23,0,0,323951,7.05,0,,,,,,,,
3,1,17,0,0,324669,14.4583,0,,,,,,,,
3,1,30,0,0,329944,7.225,0,,,,,,,,
3,1,23,0,0,330844,7.8542,0,,,,,,,,
3,1,13,0,0,330877,7.2292,1,,,,,,,,
3,1,20,0,0,330909,7.225,0,,,,,,,,
3,1,19,0,0,330909,7.6292,0,,,,,,,,
3,1,32,1,0,330910,15.85,0,,,,,,,,
3,1,33,3,0,330911,15.85,1,,,,,,,,
3,1,0.75,2,1,330919,19.2583,1,,,,,,,,
3,1,19,0,0,330919,7.8292,1,,,,,,,,
3,1,0.75,2,1,330920,19.2583,1,,,,,,,,
3,1,5,2,1,330923,19.2583,1,,,,,,,,
3,1,24,0,3,330924,19.2583,1,,,,,,,,
3,1,18,0,0,330931,8.05,1,,,,,,,,
3,1,40,0,0,330932,7.225,0,,,,,,,,
3,1,26,0,0,330935,7.8958,0,,,,,,,,
3,1,19,0,0,330935,8.1375,0,,,,,,,,
3,0,20,0,0,330958,7.2292,1,,,,,,,,
3,0,18,0,1,330959,14.4542,0,,,,,,,,
3,1,19,0,0,330959,7.8792,1,,,,,,,,
3,1,45,0,1,330963,14.4542,0,,,,,,,,
3,1,27,0,0,330968,7.8792,0,,,,,,,,
3,1,19,0,0,330968,7.7792,1,,,,,,,,
3,1,22,0,0,330971,8.05,0,,,,,,,,
3,1,19,0,0,330972,8.05,0,,,,,,,,
3,1,26,0,0,330979,7.775,0,,,,,,,,
3,1,19,0,0,330979,7.8292,0,,,,,,,,
3,1,22,0,0,330980,9.35,0,,,,,,,,
3,1,19,0,0,334912,7.2292,0,,,,,,,,
3,1,19,0,0,334912,7.7333,0,,,,,,,,
3,1,20,0,0,334914,4.0125,0,,,,,,,,
3,0,32,0,0,334915,56.4958,1,,,,,,,,
3,1,19,0,0,334915,7.7208,1,,,,,,,,
3,1,21,0,0,335097,7.775,0,,,,,,,,
3,1,18,0,0,335432,7.75,0,,,,,,,,
3,0,19,0,0,335432,7.7333,1,,,,,,,,
3,0,26,0,0,335677,7.8958,0,,,,,,,,
3,1,19,0,2,336439,15.2458,0,,,,,,,,
3,0,32,1,1,341826,15.5,0,,,,,,,,
3,1,22,0,0,342441,7.725,1,,,,,,,,
3,1,24,0,0,342441,8.05,0,,,,,,,,
3,1,20,0,0,342684,7.8542,0,,,,,,,,
3,1,21,0,0,342684,8.05,0,,,,,,,,
3,0,29,1,0,342712,7.0458,0,,,,,,,,
3,1,19,0,0,342712,8.05,1,,,,,,,,
3,1,22,1,0,342826,7.25,0,,,,,,,,
3,1,24.5,0,0,342826,8.05,0,,,,,,,,
3,1,22,0,0,343095,7.7958,0,,,,,,,,
3,1,35,0,0,343120,8.05,0,,,,,,,,
3,1,21,0,0,343120,7.65,1,,,,,,,,
3,1,18.5,0,0,343271,7.2833,0,,,,,,,,
3,1,19,0,0,343271,7,0,,,,,,,,
3,1,21,0,0,343275,7.8208,1,,,,,,,,
3,1,19,0,0,343276,6.75,0,,,,,,,,
3,1,18,0,0,345364,7.8792,0,,,,,,,,
3,1,61,0,0,345364,6.2375,0,,,,,,,,
3,0,21,0,0,345498,8.6625,0,,,,,,,,
3,1,19,0,0,345498,7.775,0,,,,,,,,
3,1,30,0,0,345501,8.6625,0,,,,,,,,
3,1,18,0,0,345572,8.6625,0,,,,,,,,
3,1,38,0,0,345572,8.6625,0,,,,,,,,
3,0,17,0,0,345763,8.6625,0,,,,,,,,
3,1,17,0,0,345763,8.6625,0,,,,,,,,
3,0,31,3,0,345763,18,0,,,,,,,,
3,1,31,1,0,345763,18,0,,,,,,,,
3,0,21,0,0,345764,7.75,0,,,,,,,,
3,1,21,0,0,345764,7.75,0,,,,,,,,
3,1,18,2,0,345764,18,0,,,,,,,,
3,1,16,2,0,345764,18,0,,,,,,,,
3,1,21,0,0,345765,8.05,0,,,,,,,,
3,1,47,0,0,345765,9,0,,,,,,,,
3,1,19,1,0,345767,14.4583,0,,,,,,,,
3,1,22,0,0,345767,9,0,,,,,,,,
3,0,19,1,0,345768,14.4583,0,,,,,,,,
3,1,25,0,0,345768,9.5,1,,,,,,,,
3,1,28,0,0,345769,7.7958,0,,,,,,,,
3,1,24,0,0,345770,7.8542,0,,,,,,,,
3,1,28,0,0,345770,9.5,0,,,,,,,,
3,1,16,0,0,345771,7.75,1,,,,,,,,
3,1,36,0,0,345771,9.5,0,,,,,,,,
3,1,37,0,0,345773,7.75,0,,,,,,,,
3,1,28,0,0,345773,7.25,0,,,,,,,,
3,0,24,0,0,345773,8.05,0,,,,,,,,
3,1,10,0,2,345773,24.15,0,,,,,,,,
3,1,36,1,1,345773,24.15,0,,,,,,,,
3,1,30,1,1,345773,24.15,0,,,,,,,,
3,0,21,0,0,345774,7.7333,0,,,,,,,,
3,0,32,0,0,345775,56.4958,1,,,,,,,,
3,1,32.5,0,0,345775,9.5,0,,,,,,,,
3,1,29,0,0,345777,8.05,0,,,,,,,,
3,0,19,0,0,345777,9.5,0,,,,,,,,
3,1,26,1,0,345778,14.4542,0,,,,,,,,
3,1,18,1,0,345779,14.4542,0,,,,,,,,
3,1,29,0,0,345779,9.5,1,,,,,,,,
3,1,20,0,0,345780,7.05,0,,,,,,,,
3,1,33,0,0,345780,9.5,0,,,,,,,,
3,0,18,0,0,345781,8.05,1,,,,,,,,
3,1,24,0,0,345783,7.25,0,,,,,,,,
3,0,28,0,0,345783,9.5,0,,,,,,,,
3,1,31,0,0,347054,7.7333,0,,,,,,,,
3,1,31,0,0,347054,7.75,0,,,,,,,,
3,1,2,0,1,347054,10.4625,0,,,,,,,,
3,1,29,1,1,347054,10.4625,0,,,,,,,,
3,1,22,0,0,347060,7.75,1,,,,,,,,
3,1,74,0,0,347060,7.775,0,,,,,,,,
3,1,30,0,0,347061,7.6292,0,,,,,,,,
3,0,70.5,0,0,347062,7.75,0,,,,,,,,
3,1,43,0,0,347063,8.05,0,,,,,,,,
3,1,35,0,0,347064,7.8958,0,,,,,,,,
3,1,51,0,0,347064,7.75,0,,,,,,,,
3,1,27,0,0,347065,7.8958,0,,,,,,,,
3,1,19,0,0,347066,7.8958,0,,,,,,,,
3,0,30,0,0,347067,8.05,0,,,,,,,,
3,0,9,1,1,347068,15.9,1,,,,,,,,
3,1,3,1,1,347069,15.9,1,,,,,,,,
3,1,36,0,2,347070,15.9,1,,,,,,,,
3,0,59,0,0,347071,7.25,0,,,,,,,,
3,1,19,0,0,347072,8.1583,0,,,,,,,,
3,1,17,0,1,347072,16.1,1,,,,,,,,
3,0,44,0,1,347073,16.1,0,,,,,,,,
3,1,17,0,0,347074,8.6625,0,,,,,,,,
3,1,22.5,0,0,347075,7.225,0,,,,,,,,
3,1,45,0,0,347076,8.05,1,,,,,,,,
3,1,25,1,0,347076,7.775,0,,,,,,,,
3,0,22,0,0,347077,10.5167,0,,,,,,,,
3,1,19,0,0,347077,10.1708,0,,,,,,,,
3,1,30,0,0,347077,6.95,1,,,,,,,,
3,1,29,0,0,347077,7.75,1,,,,,,,,
3,1,0.3333,0,2,347077,14.4,0,,,,,,,,
3,0,34,1,1,347077,14.4,0,,,,,,,,
3,0,28,1,1,347077,14.4,0,,,,,,,,
3,1,27,0,0,347078,7.8958,0,,,,,,,,
3,1,25,0,0,347079,7.8958,0,,,,,,,,
3,0,32,0,0,347079,7.775,1,,,,,,,,
3,0,24,2,0,347080,24.15,0,,,,,,,,
3,1,22,0,0,347080,8.05,0,,,,,,,,
3,1,21,2,0,347080,24.15,0,,,,,,,,
3,1,17,2,0,347081,8.05,0,,,,,,,,
3,1,22,0,0,347081,7.75,1,,,,,,,,
3,1,19,1,0,347082,16.1,0,,,,,,,,
3,1,19,1,0,347082,16.1,1,,,,,,,,
3,1,36.5,1,0,347082,17.4,1,,,,,,,,
3,0,36,1,0,347082,17.4,1,,,,,,,,
3,0,30,0,0,347082,9.5,1,,,,,,,,
3,1,16,0,0,347082,9.5,0,,,,,,,,
3,0,1,1,2,347082,20.575,1,,,,,,,,
3,1,0.1667,1,2,347083,20.575,1,,,,,,,,
3,1,25,1,0,347083,7.775,1,,,,,,,,
3,1,26,1,2,347085,20.575,0,,,,,,,,
3,1,22,0,0,347085,7.775,1,,,,,,,,
3,1,33,1,2,347086,20.575,1,,,,,,,,
3,1,25,0,0,347087,7.8958,0,,,,,,,,
3,1,18,0,0,347087,7.775,0,,,,,,,,
3,1,19,0,0,347088,7.8958,0,,,,,,,,
3,0,19,0,0,347088,7.8958,0,,,,,,,,
3,1,22,0,0,347088,7.25,0,,,,,,,,
3,1,36,0,0,347088,7.25,0,,,,,,,,
3,1,19,0,0,347088,7.8792,1,,,,,,,,
3,0,17,0,0,347088,7.8958,0,,,,,,,,
3,0,4,3,2,347088,27.9,0,,,,,,,,
3,1,10,3,2,347088,27.9,0,,,,,,,,
3,1,9,3,2,347088,27.9,0,,,,,,,,
3,0,2,3,2,347088,27.9,0,,,,,,,,
3,1,40,1,4,347088,27.9,0,,,,,,,,
3,1,45,1,4,347088,27.9,0,,,,,,,,
3,0,42,0,0,347089,8.6625,0,,,,,,,,
3,0,43,0,0,347090,7.8958,0,,,,,,,,
3,0,19,0,0,347091,7.2292,0,,,,,,,,
3,0,19,0,0,347464,8.05,1,,,,,,,,
3,1,28,0,0,347464,7.8542,0,,,,,,,,
3,0,30,0,0,347465,12.475,1,,,,,,,,
3,0,24,0,0,347466,7.75,0,,,,,,,,
3,1,23,0,0,347467,8.05,1,,,,,,,,
3,1,33,0,0,347468,7.8958,0,,,,,,,,
3,0,65,0,0,347469,7.75,0,,,,,,,,
3,1,24,0,0,347470,7.55,1,,,,,,,,
3,1,23,1,0,347471,13.9,0,,,,,,,,
3,0,22,1,0,347742,13.9,1,,,,,,,,
3,0,18,0,0,347742,7.775,0,,,,,,,,
3,1,16,0,0,347742,7.775,0,,,,,,,,
3,1,45,0,0,347743,6.975,0,,,,,,,,
3,1,19,0,0,348121,7.225,0,,,,,,,,
3,1,39,0,2,348122,7.2292,0,,,,,,,,
3,1,17,1,1,348123,7.2292,0,,,,,,,,
3,1,15,1,1,348124,7.2292,0,,,,,,,,
3,1,19,0,0,348124,7.65,0,,,,,,,,
3,1,47,0,0,348125,7.25,0,,,,,,,,
3,1,5,0,0,349201,12.475,1,,,,,,,,
3,1,19,0,0,349202,7.225,0,,,,,,,,
3,1,40.5,0,0,349203,15.1,0,,,,,,,,
3,1,40.5,0,0,349204,7.75,0,,,,,,,,
3,1,19,0,0,349205,7.05,1,,,,,,,,
3,0,19,0,0,349205,7.8958,0,,,,,,,,
3,0,18,0,0,349206,7.7958,0,,,,,,,,
3,1,19,0,0,349207,7.75,0,,,,,,,,
3,1,19,0,0,349208,7.75,0,,,,,,,,
3,1,19,0,0,349208,7.8958,0,,,,,,,,
3,1,19,0,0,349209,6.95,0,,,,,,,,
3,0,26,0,0,349210,7.8792,0,,,,,,,,
3,1,19,0,0,349211,7.75,0,,,,,,,,
3,1,19,0,0,349212,56.4958,1,,,,,,,,
3,0,19,0,0,349212,7.8958,0,,,,,,,,
3,1,21,2,2,349213,34.375,0,,,,,,,,
3,0,9,2,2,349214,34.375,0,,,,,,,,
3,0,19,0,0,349214,7.8958,0,,,,,,,,
3,0,19,0,0,349215,8.05,0,,,,,,,,
3,1,19,0,0,349215,7.8958,0,,,,,,,,
3,1,18,2,2,349216,34.375,0,,,,,,,,
3,1,19,0,0,349216,7.8958,0,,,,,,,,
3,1,16,1,3,349217,34.375,0,,,,,,,,
3,1,48,1,3,349218,34.375,0,,,,,,,,
3,1,19,0,0,349219,7.75,0,,,,,,,,
3,1,19,0,0,349220,7.25,0,,,,,,,,
3,1,25,0,0,349221,7.7417,0,,,,,,,,
3,1,19,0,0,349222,14.5,0,,,,,,,,
3,1,19,0,0,349222,7.8958,0,,,,,,,,
3,0,19,0,0,349223,7.8958,0,,,,,,,,
3,0,19,0,0,349223,7.8958,0,,,,,,,,
3,1,22,0,0,349224,8.05,0,,,,,,,,
3,1,16,0,0,349225,7.7333,1,,,,,,,,
3,1,19,0,0,349226,7.75,1,,,,,,,,
3,1,9,0,2,349227,20.525,1,,,,,,,,
3,1,19,0,0,349227,7.8958,0,,,,,,,,
3,0,33,1,1,349228,20.525,0,,,,,,,,
3,1,41,0,0,349229,7.85,0,,,,,,,,
3,0,31,1,1,349230,20.525,1,,,,,,,,
3,1,38,0,0,349231,7.05,0,,,,,,,,
3,0,9,5,2,349232,46.9,0,,,,,,,,
3,0,1,5,2,349233,46.9,0,,,,,,,,
3,1,11,5,2,349234,46.9,0,,,,,,,,
3,0,10,5,2,349235,46.9,0,,,,,,,,
3,1,16,5,2,349236,46.9,0,,,,,,,,
3,0,14,5,2,349237,46.9,0,,,,,,,,
3,0,40,1,6,349237,46.9,0,,,,,,,,
3,1,43,1,6,349238,46.9,0,,,,,,,,
3,1,51,0,0,349239,8.05,0,,,,,,,,
3,1,33,0,0,349239,8.6625,0,,,,,,,,
3,1,32,0,0,349240,8.3625,0,,,,,,,,
3,1,19,0,0,349241,8.05,0,,,,,,,,
3,1,20,0,0,349242,9.8458,0,,,,,,,,
3,1,32,0,0,349242,7.8958,0,,,,,,,,
3,1,37,2,0,349243,7.925,0,,,,,,,,
3,1,28,2,0,349244,7.925,0,,,,,,,,
3,1,31,0,0,349244,8.6833,1,,,,,,,,
3,1,19,0,0,349245,7.775,0,,,,,,,,
3,1,28,0,0,349245,7.8958,0,,,,,,,,
3,1,24,0,0,349246,8.85,0,,,,,,,,
3,1,17,0,0,349247,7.7333,0,,,,,,,,
3,0,36,0,0,349247,7.8958,0,,,,,,,,
3,0,19,1,0,349248,19.9667,0,,,,,,,,
3,0,19,1,0,349249,19.9667,0,,,,,,,,
3,0,38,0,0,349249,7.8958,0,,,,,,,,
3,1,28,1,0,349250,15.85,0,,,,,,,,
3,0,24,1,0,349251,15.85,1,,,,,,,,
3,1,40,0,0,349251,7.8958,0,,,,,,,,
3,1,20,0,0,349252,9.5,0,,,,,,,,
3,1,22,0,0,349252,7.8958,0,,,,,,,,
3,1,23.5,0,0,349253,7.2292,0,,,,,,,,
3,1,41,2,0,349254,14.1083,0,,,,,,,,
3,0,26,1,0,349255,7.8542,0,,,,,,,,
3,1,21,0,0,349256,7.8542,0,,,,,,,,
3,1,45,1,0,349256,14.1083,1,,,,,,,,
3,1,19,0,0,349257,7.55,0,,,,,,,,
3,0,25,0,0,349909,7.25,0,,,,,,,,
3,1,19,0,0,349909,6.8583,0,,,,,,,,
3,1,11,0,0,349909,18.7875,0,,,,,,,,
3,1,19,0,0,349909,7.75,1,,,,,,,,
3,1,27,0,0,349909,6.975,1,,,,,,,,
3,0,2,3,1,349909,21.075,0,,,,,,,,
3,1,6,3,1,349909,21.075,0,,,,,,,,
3,1,3,3,1,349909,21.075,0,,,,,,,,
3,1,8,3,1,349909,21.075,0,,,,,,,,
3,1,29,0,4,349909,21.075,0,,,,,,,,
3,0,19,0,0,349910,56.4958,1,,,,,,,,
3,1,18,0,0,349910,6.75,0,,,,,,,,
3,1,26,0,0,349911,7.925,1,,,,,,,,
3,0,23,0,0,349912,7.925,0,,,,,,,,
3,0,22,0,0,350025,8.9625,1,,,,,,,,
3,1,28,0,0,350026,7.8958,0,,,,,,,,
3,0,28,0,0,350026,7.775,0,,,,,,,,
3,1,19,0,0,350029,7.75,0,,,,,,,,
3,1,2,0,1,350033,12.2875,1,,,,,,,,
3,1,25,0,0,350033,7.7958,1,,,,,,,,
3,1,22,1,1,350034,12.2875,1,,,,,,,,
3,1,43,0,0,350035,6.45,0,,,,,,,,
3,0,24,0,0,350035,7.7958,0,,,,,,,,
3,1,28,0,0,350036,22.525,0,,,,,,,,
3,1,27,0,0,350042,7.925,1,,,,,,,,
3,1,19,0,0,350043,7.75,0,,,,,,,,
3,0,19,0,0,350045,8.05,1,,,,,,,,
3,1,42,0,0,350046,7.65,0,,,,,,,,
3,0,19,0,0,350047,7.8875,1,,,,,,,,
3,1,30,0,0,350048,7.2292,0,,,,,,,,
3,1,19,0,0,350050,7.8958,0,,,,,,,,
3,0,27,1,0,350052,7.925,0,,,,,,,,
3,0,25,1,0,350053,7.925,0,,,,,,,,
3,1,19,0,0,350054,7.8958,0,,,,,,,,
3,0,29,0,0,350060,7.8958,1,,,,,,,,
3,1,21,0,0,350403,7.7958,1,,,,,,,,
3,1,19,0,0,350404,7.05,0,,,,,,,,
3,0,20,0,0,350405,7.8542,0,,,,,,,,
3,0,48,0,0,350405,7.8542,0,,,,,,,,
3,1,17,1,0,350406,7.0542,0,,,,,,,,
3,1,14,0,0,350406,7.8542,0,,,,,,,,
3,0,19,0,0,350407,7.75,1,,,,,,,,
3,1,31,0,0,350407,7.8542,0,,,,,,,,
3,0,19,0,0,350408,8.1125,1,,,,,,,,
3,1,34,0,0,350409,6.4958,0,,,,,,,,
3,1,26,0,0,350410,7.775,1,,,,,,,,
3,1,22,0,0,350416,7.7958,0,,,,,,,,
3,0,20,0,0,350416,7.8542,0,,,,,,,,
3,1,33,0,0,350417,8.6542,0,,,,,,,,
3,1,27,0,2,358585,11.1333,1,,,,,,,,
3,0,19,1,2,358585,23.45,0,,,,,,,,
3,0,19,0,0,358585,14.5,0,,,,,,,,
3,1,19,1,2,359306,23.45,0,,,,,,,,
3,1,19,1,2,359309,23.45,0,,,,,,,,
3,0,19,0,0,359309,8.05,0,,,,,,,,
3,0,23,0,0,362316,7.8958,0,,,,,,,,
3,1,19,0,0,362316,7.25,0,,,,,,,,
3,0,32,0,0,363272,7.8542,1,,,,,,,,
3,0,47,1,0,363272,7,1,,,,,,,,
3,1,27,0,0,363291,7.8542,0,,,,,,,,
3,1,20,1,0,363291,9.825,0,,,,,,,,
3,0,21,1,0,363291,9.825,0,,,,,,,,
3,1,32,0,0,363294,7.925,1,,,,,,,,
3,1,34,0,0,363294,8.05,0,,,,,,,,
3,1,17,0,0,363592,7.125,0,,,,,,,,
3,0,21,0,0,363611,8.4333,0,,,,,,,,
3,0,30,0,0,364498,7.8958,0,,,,,,,,
3,0,21,0,0,364498,7.7958,1,,,,,,,,
3,0,19,0,0,364498,14.5,0,,,,,,,,
3,1,19,0,0,364498,14.5,0,,,,,,,,
3,1,33,0,0,364499,7.8542,0,,,,,,,,
3,0,30.5,0,0,364499,8.05,0,,,,,,,,
3,1,22,0,0,364500,7.5208,0,,,,,,,,
3,1,4,0,1,364506,13.4167,1,,,,,,,,
3,1,39,0,1,364511,13.4167,1,,,,,,,,
3,1,44,0,0,364511,8.05,0,,,,,,,,
3,1,19,0,0,364512,7.2292,0,,,,,,,,
3,0,18.5,0,0,364516,7.2292,0,,,,,,,,
3,1,19,0,0,364516,7.75,0,,,,,,,,
3,1,19,0,0,364846,7.25,0,,,,,,,,
3,1,19,0,0,364848,7.75,1,,,,,,,,
3,1,19,0,0,364849,7.75,1,,,,,,,,
3,0,34.5,0,0,364849,7.8292,0,,,,,,,,
3,0,44,0,0,364850,8.05,0,,,,,,,,
3,1,19,0,0,364851,7.75,1,,,,,,,,
3,1,19,1,0,364856,14.4542,0,,,,,,,,
3,1,19,0,0,364856,7.75,0,,,,,,,,
3,1,19,1,0,364858,14.4542,0,,,,,,,,
3,1,19,1,0,364859,7.75,0,,,,,,,,
3,1,19,1,0,365222,7.75,0,,,,,,,,
3,0,19,0,0,365226,7.7375,0,,,,,,,,
3,1,22,2,0,365235,8.6625,0,,,,,,,,
3,1,26,2,0,365237,8.6625,0,,,,,,,,
3,1,26,1,1,366713,22.025,1,,,,,,,,
3,1,19,0,0,366713,7.75,0,,,,,,,,
3,1,1,1,1,367226,12.1833,0,,,,,,,,
3,1,18,1,1,367226,7.8542,0,,,,,,,,
3,1,36,0,2,367226,12.1833,0,,,,,,,,
3,1,19,0,0,367227,7.8958,0,,,,,,,,
3,1,25,0,0,367228,7.2292,1,,,,,,,,
3,1,19,0,0,367229,7.225,0,,,,,,,,
3,1,37,0,0,367230,9.5875,0,,,,,,,,
3,1,19,0,0,367230,7.8958,0,,,,,,,,
3,0,19,0,0,367231,56.4958,1,,,,,,,,
3,0,19,0,0,367232,56.4958,0,,,,,,,,
3,1,22,0,0,367655,7.25,1,,,,,,,,
3,1,19,0,0,367655,7.7292,0,,,,,,,,
3,1,19,0,0,368323,7.75,0,,,,,,,,
3,0,26,0,0,368364,56.4958,1,,,,,,,,
3,0,29,0,0,368402,9.4833,0,,,,,,,,
3,1,19,0,0,368402,7.75,1,,,,,,,,
3,1,29,0,0,368573,7.775,0,,,,,,,,
3,1,19,3,1,368702,25.4667,0,,,,,,,,
3,1,19,3,1,368703,25.4667,0,,,,,,,,
3,1,19,3,1,368783,25.4667,0,,,,,,,,
3,1,30,1,0,370129,15.55,0,,,,,,,,
3,1,20,1,0,370129,7.925,1,,,,,,,,
3,0,19,0,0,370129,7.8792,0,,,,,,,,
3,1,2,1,1,370129,20.2125,0,,,,,,,,
3,1,18,1,1,370129,20.2125,0,,,,,,,,
3,0,41,0,2,370129,20.2125,0,,,,,,,,
3,1,28,0,0,370365,56.4958,0,,,,,,,,
3,1,19,0,0,370365,7.55,0,,,,,,,,
3,1,19,1,0,370365,15.5,0,,,,,,,,
3,0,19,1,0,370365,15.5,1,,,,,,,,
3,0,30,1,0,370368,16.1,0,,,,,,,,
3,0,26,1,0,370369,16.1,0,,,,,,,,
3,1,19,0,0,370370,7.8792,0,,,,,,,,
3,0,20.5,0,0,370371,7.25,0,,,,,,,,
3,1,27,0,0,370371,8.6625,1,,,,,,,,
3,1,51,0,0,370372,7.0542,0,,,,,,,,
3,1,23,0,0,370373,7.8542,1,,,,,,,,
3,1,32,0,0,370374,7.5792,1,,,,,,,,
3,0,19,0,0,370374,7.75,0,,,,,,,,
3,0,19,0,0,370375,7.8958,0,,,,,,,,
3,1,19,0,0,370376,7.55,0,,,,,,,,
3,1,19,0,0,370377,7.75,1,,,,,,,,
3,1,24,0,0,371060,7.1417,1,,,,,,,,
3,0,19,0,0,371060,7.75,0,,,,,,,,
3,0,22,0,0,371109,7.125,0,,,,,,,,
3,1,19,0,0,371110,7.8792,0,,,,,,,,
3,1,19,0,0,371110,7.75,0,,,,,,,,
3,0,19,0,0,371110,8.05,0,,,,,,,,
3,1,19,0,0,371110,24.15,0,,,,,,,,
3,0,29,0,0,371362,7.925,0,,,,,,,,
3,1,19,0,0,371362,7.2292,1,,,,,,,,
3,1,30.5,0,0,372622,7.75,0,,,,,,,,
3,1,19,0,0,373450,7.7375,1,,,,,,,,
3,1,19,0,0,374746,7.2292,0,,,,,,,,
3,1,35,0,0,374887,7.8958,0,,,,,,,,
3,1,33,0,0,374910,7.8958,0,,,,,,,,
3,1,19,0,0,374910,8.05,0,,,,,,,,
3,1,19,0,0,376563,7.225,1,,,,,,,,
3,1,19,0,0,376564,7.8958,0,,,,,,,,
3,1,19,0,0,376564,7.75,1,,,,,,,,
3,1,19,1,0,376564,16.1,0,,,,,,,,
3,0,19,1,0,376564,16.1,1,,,,,,,,
3,0,19,0,0,376566,7.75,1,,,,,,,,
3,1,19,2,0,376566,23.25,1,,,,,,,,
3,1,19,2,0,382649,23.25,1,,,,,,,,
3,1,19,2,0,382650,23.25,1,,,,,,,,
3,1,19,0,0,382651,7.7875,1,,,,,,,,
3,1,19,0,0,382652,15.5,0,,,,,,,,
3,0,19,0,0,382652,7.8792,1,,,,,,,,
3,0,15,0,0,382652,8.0292,1,,,,,,,,
3,1,35,0,0,382652,7.75,0,,,,,,,,
3,0,19,0,0,382652,7.75,0,,,,,,,,
3,0,24,1,0,382652,16.1,0,,,,,,,,
3,1,10,4,1,382652,29.125,0,,,,,,,,
3,1,4,4,1,382652,29.125,0,,,,,,,,
3,1,7,4,1,382652,29.125,0,,,,,,,,
3,0,2,4,1,382652,29.125,0,,,,,,,,
3,1,8,4,1,382652,29.125,0,,,,,,,,
3,1,39,0,5,382652,29.125,0,,,,,,,,
3,1,19,1,0,382653,16.1,0,,,,,,,,
3,1,19,0,0,383121,7.75,0,,,,,,,,
3,1,19,0,0,383121,7.75,0,,,,,,,,
3,0,19,0,0,383123,8.05,0,,,,,,,,
3,1,19,0,0,383162,8.05,0,,,,,,,,
3,1,19,0,0,383162,7.75,1,,,,,,,,
3,0,55.5,0,0,384461,8.05,0,,,,,,,,
3,1,19,0,0,384461,7.75,0,,,,,,,,
3,1,19,0,0,386525,7.75,0,,,,,,,,
3,1,21,0,0,386525,7.775,1,,,,,,,,
3,1,19,0,0,392091,8.05,0,,,,,,,,
3,1,24,0,0,392091,7.8958,0,,,,,,,,
3,0,21,0,0,392092,7.8958,0,,,,,,,,
3,1,19,0,0,392092,8.05,0,,,,,,,,
3,1,28,0,0,392095,7.8958,0,,,,,,,,
3,1,19,0,0,392096,7.8958,0,,,,,,,,
3,0,19,0,0,392096,7.8792,1,,,,,,,,
3,1,25,0,0,394140,7.65,0,,,,,,,,
2,1,31,0,0,3101264,13,1,,,,,,,,
2,1,19,0,0,3101265,13,1,,,,,,,,
3,1,18,0,0,3101265,7.4958,1,,,,,,,,
2,0,26,0,0,3101266,13.5,1,,,,,,,,
3,1,21,1,0,3101266,6.4958,0,,,,,,,,
2,1,24,0,0,3101267,13,0,,,,,,,,
3,0,18,1,0,3101267,6.4958,0,,,,,,,,
3,1,42,0,0,3101276,7.55,0,,,,,,,,
3,0,13,0,2,3101277,20.25,0,,,,,,,,
3,0,16,1,1,3101278,20.25,0,,,,,,,,
3,0,35,1,1,3101278,20.25,1,,,,,,,,
3,0,16,0,0,3101281,7.65,1,,,,,,,,
3,0,25,0,0,3101295,7.65,1,,,,,,,,
3,0,20,0,0,3101295,7.925,1,,,,,,,,
3,1,18,0,0,3101295,7.2292,1,,,,,,,,
3,1,30,0,0,3101295,7.25,0,,,,,,,,
3,1,26,0,0,3101295,8.05,0,,,,,,,,
3,0,40,1,0,3101295,9.475,0,,,,,,,,
3,0,0.8333,0,1,3101295,9.35,1,,,,,,,,
3,1,1,4,1,3101295,39.6875,0,,,,,,,,
3,0,7,4,1,3101295,39.6875,0,,,,,,,,
3,1,2,4,1,3101295,39.6875,0,,,,,,,,
3,0,16,4,1,3101295,39.6875,0,,,,,,,,
3,1,14,4,1,3101295,39.6875,0,,,,,,,,
3,1,41,0,5,3101295,39.6875,0,,,,,,,,
3,0,22,0,0,3101295,39.6875,0,,,,,,,,
3,0,18,0,1,3101296,9.35,1,,,,,,,,
3,1,39,0,0,3101296,7.925,0,,,,,,,,
3,1,26,0,0,3101297,18.7875,1,,,,,,,,
3,1,26,0,0,3101298,7.8875,0,,,,,,,,
3,1,20,0,0,3101298,7.925,0,,,,,,,,
1,1,0.9167,1,2,14258,151.55,1,,,,,,,,
1,0,2,1,2,14260,151.55,0,,,,,,,,
1,1,30,1,2,14263,151.55,0,,,,,,,,
1,0,25,1,2,14266,151.55,0,,,,,,,,
1,1,48,0,0,5734,26.55,1,,,,,,,,
1,0,63,1,0,5734,77.9583,1,,,,,,,,
1,1,39,0,0,6607,0,0,,,,,,,,
1,0,53,2,0,6607,51.4792,1,,,,,,,,
1,1,71,0,0,6607,49.5042,0,,,,,,,,
1,1,47,1,0,6607,227.525,0,,,,,,,,
1,0,18,1,0,6608,227.525,1,,,,,,,,
1,0,24,0,0,6608,69.3,1,,,,,,,,
1,0,26,0,0,6608,78.85,1,,,,,,,,
1,1,80,0,0,6608,30,1,,,,,,,,
1,1,19,0,0,6608,25.925,0,,,,,,,,
1,0,24,0,1,6609,247.5208,0,,,,,,,,
1,0,50,0,1,117318,247.5208,1,,,,,,,,
1,1,32,0,0,117473,76.2917,1,,,,,,,,
1,1,36,0,0,117474,75.2417,0,,,,,,,,
1,0,37,1,1,117475,52.5542,1,,,,,,,,
1,1,47,1,1,117476,52.5542,1,,,,,,,,
1,0,26,0,0,117477,30,1,,,,,,,,
1,0,42,0,0,117477,227.525,1,,,,,,,,
1,1,29,0,0,117482,221.7792,1,,,,,,,,
1,1,25,0,0,117483,26,0,,,,,,,,
1,0,25,1,0,117483,91.0792,1,,,,,,,,
1,0,19,1,0,117483,91.0792,1,,,,,,,,
1,1,35,0,0,117483,135.6333,1,,,,,,,,
1,1,28,0,0,117485,26.55,1,,,,,,,,
1,1,45,0,0,117485,35.5,0,,,,,,,,
1,0,40,0,0,117531,31,1,,,,,,,,
1,0,30,0,0,117558,164.8667,1,,,,,,,,
1,1,58,0,0,117558,26.55,1,,,,,,,,
1,0,42,0,0,117558,26.55,0,,,,,,,,
1,0,45,0,0,117562,262.375,1,,,,,,,,
1,1,22,0,1,117569,55,1,,,,,,,,
1,1,19,0,0,117569,26.55,1,,,,,,,,
1,0,41,0,0,117569,30.5,0,,,,,,,,
1,0,48,0,0,117572,50.4958,0,,,,,,,,
1,0,19,0,0,117572,39.6,0,,,,,,,,
1,0,44,0,0,117572,27.7208,1,,,,,,,,
1,1,59,2,0,117580,51.4792,1,,,,,,,,
1,1,60,0,0,117582,76.2917,1,,,,,,,,
1,0,41,0,0,117582,134.5,1,,,,,,,,
1,1,45,0,0,117582,26.55,0,,,,,,,,
1,0,19,0,0,117585,31,0,,,,,,,,
1,1,42,0,0,117585,26.2875,1,,,,,,,,
1,1,53,0,0,117590,27.4458,1,,,,,,,,
1,1,36,0,1,117591,512.3292,1,,,,,,,,
1,1,58,0,1,117592,512.3292,1,,,,,,,,
1,0,33,0,0,117592,5,0,,,,,,,,
1,1,28,0,0,117593,47.1,0,,,,,,,,
1,0,17,0,0,117593,47.1,0,,,,,,,,
1,1,11,1,2,117594,120,1,,,,,,,,
1,1,14,1,2,117595,120,1,,,,,,,,
1,0,36,1,2,117596,120,1,,,,,,,,
1,1,36,1,2,117597,120,1,,,,,,,,
1,0,49,0,0,117597,26,0,,,,,,,,
1,1,19,0,0,117598,27.7208,1,,,,,,,,
1,0,36,1,0,117599,78.85,0,,,,,,,,
1,0,76,1,0,117599,78.85,1,,,,,,,,
1,0,46,1,0,117600,61.175,0,,,,,,,,
1,1,47,1,0,117601,61.175,1,,,,,,,,
1,1,27,1,0,117603,53.1,1,,,,,,,,
1,0,33,1,0,117603,53.1,1,,,,,,,,
1,0,36,0,0,117604,262.375,1,,,,,,,,
1,1,30,0,0,117604,86.5,1,,,,,,,,
1,0,45,0,0,117605,29.7,1,,,,,,,,
1,1,19,0,1,117606,55,1,,,,,,,,
1,0,19,0,0,117607,0,0,,,,,,,,
1,0,27,1,0,117608,136.7792,0,,,,,,,,
1,1,26,1,0,117608,136.7792,1,,,,,,,,
1,0,22,0,0,117608,151.55,1,,,,,,,,
1,0,19,0,0,117608,52,0,,,,,,,,
1,1,47,0,0,117608,25.5875,0,,,,,,,,
1,0,39,1,1,117608,83.1583,1,,,,,,,,
1,1,37,1,1,117608,83.1583,0,,,,,,,,
1,1,64,0,2,117609,83.1583,1,,,,,,,,
1,0,55,2,0,117610,25.7,1,,,,,,,,
1,1,19,0,0,117611,26.55,0,,,,,,,,
1,0,70,1,1,117611,71,0,,,,,,,,
1,1,36,0,2,117612,71,1,,,,,,,,
1,0,64,1,1,117613,26.55,1,,,,,,,,
1,1,39,1,0,117754,71.2833,0,,,,,,,,
1,1,38,1,0,117755,71.2833,1,,,,,,,,
1,0,51,0,0,117755,26.55,1,,,,,,,,
1,1,27,0,0,117755,30.5,1,,,,,,,,
1,0,33,0,0,117755,151.55,1,,,,,,,,
1,0,31,1,0,117756,52,0,,,,,,,,
1,0,27,1,2,117756,52,1,,,,,,,,
1,1,31,1,0,117756,57,1,,,,,,,,
1,1,17,1,0,117757,57,1,,,,,,,,
1,0,53,1,1,117757,81.8583,1,,,,,,,,
1,0,4,0,2,117757,81.8583,1,,,,,,,,
1,0,54,1,1,117757,81.8583,1,,,,,,,,
1,0,50,1,0,117757,106.425,0,,,,,,,,
1,1,27,1,1,117758,247.5208,1,,,,,,,,
1,1,48,1,0,117758,106.425,1,,,,,,,,
1,0,48,1,0,117758,39.6,1,,,,,,,,
1,0,49,1,0,117759,56.9292,1,,,,,,,,
1,0,39,0,0,117759,29.7,0,,,,,,,,
1,1,23,0,1,117760,83.1583,1,,,,,,,,
1,1,38,0,0,117760,227.525,1,,,,,,,,
1,0,54,1,0,117760,78.2667,1,,,,,,,,
1,0,36,0,0,117760,31.6792,0,,,,,,,,
1,1,19,0,0,117761,221.7792,0,,,,,,,,
1,1,19,0,0,117761,31.6833,1,,,,,,,,
1,0,19,0,0,117761,110.8833,1,,,,,,,,
1,1,25,0,0,117483,26,0,,,,,,,,
1,0,25,1,0,117483,91.0792,1,,,,,,,,
1,0,19,1,0,117483,91.0792,1,,,,,,,,
1,1,35,0,0,117483,135.6333,1,,,,,,,,
1,1,28,0,0,117485,26.55,1,,,,,,,,
1,1,45,0,0,117485,35.5,0,,,,,,,,
1,0,40,0,0,117531,31,1,,,,,,,,
1,0,30,0,0,117558,164.8667,1,,,,,,,,
1,1,58,0,0,117558,26.55,1,,,,,,,,
1,0,42,0,0,117558,26.55,0,,,,,,,,
1,0,45,0,0,117562,262.375,1,,,,,,,,
1,1,22,0,1,117569,55,1,,,,,,,,
1,1,19,0,0,117569,26.55,1,,,,,,,,
1,0,41,0,0,117569,30.5,0,,,,,,,,
1,0,48,0,0,117572,50.4958,0,,,,,,,,
1,0,19,0,0,117572,39.6,0,,,,,,,,
1,0,44,0,0,117572,27.7208,1,,,,,,,,
1,1,59,2,0,117580,51.4792,1,,,,,,,,
1,1,60,0,0,117582,76.2917,1,,,,,,,,
1,0,41,0,0,117582,134.5,1,,,,,,,,
1,1,45,0,0,117582,26.55,0,,,,,,,,
1,0,19,0,0,117585,31,0,,,,,,,,
1,1,42,0,0,117585,26.2875,1,,,,,,,,
1,1,53,0,0,117590,27.4458,1,,,,,,,,
1,1,36,0,1,117591,512.3292,1,,,,,,,,
1,1,58,0,1,117592,512.3292,1,,,,,,,,
1,0,33,0,0,117592,5,0,,,,,,,,
1,1,28,0,0,117593,47.1,0,,,,,,,,
1,0,17,0,0,117593,47.1,0,,,,,,,,
1,1,11,1,2,117594,120,1,,,,,,,,
1,1,14,1,2,117595,120,1,,,,,,,,
1,0,36,1,2,117596,120,1,,,,,,,,
1,1,36,1,2,117597,120,1,,,,,,,,
1,0,49,0,0,117597,26,0,,,,,,,,
1,1,19,0,0,117598,27.7208,1,,,,,,,,
1,0,36,1,0,117599,78.85,0,,,,,,,,
1,0,76,1,0,117599,78.85,1,,,,,,,,
1,0,46,1,0,117600,61.175,0,,,,,,,,
1,1,47,1,0,117601,61.175,1,,,,,,,,
1,1,27,1,0,117603,53.1,1,,,,,,,,
1,0,33,1,0,117603,53.1,1,,,,,,,,
1,0,36,0,0,117604,262.375,1,,,,,,,,
1,1,30,0,0,117604,86.5,1,,,,,,,,
1,0,45,0,0,117605,29.7,1,,,,,,,,
1,1,19,0,1,117606,55,1,,,,,,,,
1,0,19,0,0,117607,0,0,,,,,,,,
1,0,27,1,0,117608,136.7792,0,,,,,,,,
1,1,26,1,0,117608,136.7792,1,,,,,,,,
1,0,22,0,0,117608,151.55,1,,,,,,,,
1,0,19,0,0,117608,52,0,,,,,,,,
1,1,47,0,0,117608,25.5875,0,,,,,,,,
1,0,39,1,1,117608,83.1583,1,,,,,,,,
1,1,37,1,1,117608,83.1583,0,,,,,,,,
1,1,64,0,2,117609,83.1583,1,,,,,,,,
1,0,55,2,0,117610,25.7,1,,,,,,,,
1,1,19,0,0,117611,26.55,0,,,,,,,,
1,0,70,1,1,117611,71,0,,,,,,,,
1,1,36,0,2,117612,71,1,,,,,,,,
1,0,64,1,1,117613,26.55,1,,,,,,,,
1,1,39,1,0,117754,71.2833,0,,,,,,,,
1,1,38,1,0,117755,71.2833,1,,,,,,,,
1,0,51,0,0,117755,26.55,1,,,,,,,,
1,1,27,0,0,117755,30.5,1,,,,,,,,
1,0,33,0,0,117755,151.55,1,,,,,,,,
1,0,31,1,0,117756,52,0,,,,,,,,
1,0,27,1,2,117756,52,1,,,,,,,,
1,1,31,1,0,117756,57,1,,,,,,,,
1,1,17,1,0,117757,57,1,,,,,,,,
1,0,53,1,1,117757,81.8583,1,,,,,,,,
1,0,4,0,2,117757,81.8583,1,,,,,,,,
1,0,54,1,1,117757,81.8583,1,,,,,,,,
1,0,50,1,0,117757,106.425,0,,,,,,,,
1,1,27,1,1,117758,247.5208,1,,,,,,,,
1,1,48,1,0,117758,106.425,1,,,,,,,,
1,0,48,1,0,117758,39.6,1,,,,,,,,
1,0,49,1,0,117759,56.9292,1,,,,,,,,
1,0,39,0,0,117759,29.7,0,,,,,,,,
1,1,23,0,1,117760,83.1583,1,,,,,,,,
1,1,38,0,0,117760,227.525,1,,,,,,,,
1,0,54,1,0,117760,78.2667,1,,,,,,,,
1,0,36,0,0,117760,31.6792,0,,,,,,,,
1,1,19,0,0,117761,221.7792,0,,,,,,,,
1,1,19,0,0,117761,31.6833,1,,,,,,,,
1,0,19,0,0,117761,110.8833,1,,,,,,,,
